{"cameraMode":{"drawMode":0,"name":"Shaded","section":"Shading Mode"},"sceneLighting":true,"audioPlay":false,"sceneViewState":{"m_AlwaysRefresh":false,"showFog":true,"showSkybox":true,"showFlares":true,"showImageEffects":true,"showParticleSystems":true,"showVisualEffectGraphs":true,"m_FxEnabled":true},"in2DMode":false,"pivot":{"x":27.483789443969728,"y":1.37277352809906,"z":24.067047119140626},"rotation":{"x":0.15848799049854279,"y":0.7965699434280396,"z":-0.23441170156002046,"w":0.5366977453231812},"size":11.596061706542969,"orthographic":false}