{"cameraMode":{"drawMode":0,"name":"Shaded","section":"Shading Mode"},"sceneLighting":true,"audioPlay":false,"sceneViewState":{"m_AlwaysRefresh":false,"showFog":true,"showSkybox":true,"showFlares":true,"showImageEffects":true,"showParticleSystems":true,"showVisualEffectGraphs":true,"m_FxEnabled":true},"in2DMode":false,"pivot":{"x":11.31623649597168,"y":-13.679733276367188,"z":6.3299760818481449},"rotation":{"x":0.03640524670481682,"y":0.8054782748222351,"z":-0.592532217502594,"w":0.04178628697991371},"size":14.384018898010254,"orthographic":false}